[
  {
    "uuid": "2d99301f-67ea-32da-9bbc-70e69ebc78a2",
    "name": "Aywb_",
    "level": 4,
    "bypassesPlayerLimit": false
  },
  {
    "uuid": "cdc820e1-980b-3aef-af1c-cb5bc00278cf",
    "name": "Aywb",
    "level": 4,
    "bypassesPlayerLimit": false
  },
  {
    "uuid": "4ce4a7ff-f9e7-32af-9c15-ad176dbecf5a",
    "name": "Test1",
    "level": 4,
    "bypassesPlayerLimit": false
  },
  {
    "uuid": "5ce88b8b-b115-468b-b0e2-45696a9df250",
    "name": "Aywb_",
    "level": 4,
    "bypassesPlayerLimit": false
  }
]